month,actual_pct,estimate_pct,naive_pct,gbm_pct
2016-01,1.56,0.02,0.39,0.66
2016-02,-0.15,-0.13,-0.12,-0.8
2016-03,-0.76,0.23,-0.4,0.58
2016-04,1.42,-0.01,0.01,-0.06
2016-05,-1.75,0.01,0.15,0.04
2016-06,-0.58,-0.05,-0.36,0.05
2016-07,-0.05,0.15,0.35,-0.38
2016-08,1.75,0.25,0.08,1.65
2016-09,-0.9,-0.13,-0.05,-0.48
2016-10,-0.4,0.2,-0.44,0.53
2016-11,2.1,0.01,0.17,-0.62
2016-12,-0.67,-0.49,0.05,-0.59
2017-01,0.09,0.09,-0.55,0.05
2017-02,-0.91,-0.62,0.15,-0.7
2017-03,1.81,0.01,-0.03,0.64
2017-04,-0.91,-0.49,0.18,-0.58
2017-05,2.26,0.96,-0.41,0.07
2017-06,-1.1,-0.02,0.18,0.21
2017-07,-0.04,-0.34,-0.34,-0.47
2017-08,0.3,0.56,0.17,0.81
2017-09,1.16,0.02,0.02,-0.91
2017-10,0.52,-0.08,-0.03,-0.05
2017-11,0.28,0.38,-0.14,0.4
2017-12,1.12,0.95,-0.04,0.88
2018-01,-3.68,-1.03,0.0,-0.34
2018-02,1.42,0.44,-0.09,-0.44
2018-03,0.82,2.25,0.52,1.81
2018-04,-1.1,-1.9,-0.15,-1.58
2018-05,-1.05,0.73,-0.08,-0.77
2018-06,1.86,0.55,0.18,0.99
2018-07,-0.51,0.27,0.17,0.69
2018-08,0.37,-0.27,-0.28,-0.18
2018-09,-1.13,-0.49,0.1,-1.21
2018-10,1.44,0.03,-0.03,-0.84
2018-11,-1.17,0.64,0.18,1.27
2018-12,0.99,-0.48,-0.17,-1.41
2019-01,0.61,0.56,0.17,0.93
2019-02,0.04,-0.78,-0.09,-1.31
2019-03,-0.27,0.17,-0.04,0.32
2019-04,0.22,0.29,0.03,0.83
2019-05,1.82,-0.13,0.07,0.16
2019-06,-3.18,-0.26,0.01,-0.73
2019-07,0.82,0.37,-0.17,0.57
2019-08,-1.31,0.39,0.43,0.8
2019-09,1.1,-0.17,-0.07,-0.84
2019-10,0.07,0.42,0.11,1.33
2019-11,-0.77,0.17,-0.06,0.52
2019-12,-2.12,-0.4,0.02,-1.02
2020-01,1.85,0.47,0.07,1.57
2020-02,1.61,0.05,0.15,-0.38
2020-03,-20.8,-0.56,-0.15,-1.39
2020-04,-24.95,2.38,-0.15,-1.02
2020-05,19.25,3.55,2.23,0.96
2020-06,12.44,1.75,2.67,0.48
2020-07,4.4,-2.07,-2.02,0.39
2020-08,0.99,-1.25,-1.3,0.44
2020-09,1.56,-0.78,-0.44,-1.34
2020-10,2.07,1.3,0.02,1.07
2020-11,-1.56,-0.6,0.06,0.07
2020-12,-0.56,1.09,0.1,1.16
2021-01,3.0,0.57,0.05,1.2
2021-02,-4.23,-0.39,0.05,-1.05
2021-03,1.51,0.24,0.04,0.03
2021-04,0.0,-0.19,0.05,0.4
2021-05,0.03,0.23,0.06,-0.15
2021-06,-0.51,-0.58,0.05,-0.93
2021-07,0.78,0.33,0.05,1.41
2021-08,-0.3,0.72,0.04,1.0
2021-09,-1.46,-0.42,0.06,-0.46
2021-10,2.73,0.04,0.04,0.69
2021-11,-2.01,0.48,0.02,0.59
2021-12,0.53,0.49,0.07,0.2
2022-01,2.03,-0.54,0.01,-1.21
2022-02,-1.22,-0.11,0.05,-0.2
2022-03,-0.57,-0.07,0.07,0.66
2022-04,-0.82,0.38,0.05,0.77
2022-05,1.32,-0.48,0.05,0.74
2022-06,0.71,0.18,0.04,1.08
2022-07,-1.43,-0.11,0.05,0.18
2022-08,2.62,-0.11,0.05,0.19
2022-09,-0.61,-0.88,0.05,0.05
2022-10,-2.12,-0.58,0.06,-1.31
2022-11,1.29,-0.08,0.06,-0.64
2022-12,0.87,0.77,0.07,-0.12
2023-01,-1.61,-0.39,0.03,0.4
2023-02,1.53,-0.17,0.04,-0.76
2023-03,-1.4,0.34,0.09,-0.17
2023-04,0.19,0.04,0.03,0.03
2023-05,2.11,-0.23,0.07,-0.6
2023-06,-1.21,0.09,0.04,-0.05
2023-07,-0.01,0.18,0.02,-1.16
2023-08,-0.16,0.05,0.08,0.27
2023-09,0.0,-0.42,0.06,-0.37
2023-10,0.11,-0.29,0.06,-0.26
2023-11,0.28,0.36,0.05,0.69
2023-12,0.47,-0.03,0.05,-0.65
2024-01,-0.48,-0.28,0.05,-0.93
2024-02,0.55,0.03,0.05,0.29
2024-03,-0.68,0.08,0.06,-0.3
2024-04,0.95,0.37,0.05,-0.04
2024-05,-1.26,-0.23,0.07,-0.01
2024-06,0.04,0.01,0.04,-0.14
2024-07,0.33,0.17,0.07,0.51
2024-08,0.7,0.18,0.05,0.86
2024-09,-0.65,-0.7,0.04,-0.89
2024-10,-0.27,0.23,0.04,0.36
2024-11,0.09,-0.12,0.06,0.2
2024-12,-0.28,0.36,0.05,0.8
2025-01,-0.33,-0.12,0.05,0.14
2025-02,1.46,-0.25,0.05,-0.62
2025-03,-0.22,0.17,0.05,0.42
2025-04,-1.53,0.18,0.02,-0.27
2025-05,-0.41,-0.37,0.06,-0.44
2025-06,3.14,0.62,0.08,1.22
2025-07,-0.05,-0.08,0.05,0.25
2025-08,-1.3,-0.01,-0.05,0.23
2025-09,1.0,-0.44,0.06,0.19
2025-10,0.24,0.26,0.11,0.52
2025-11,0.13,0.01,0.01,0.42
2025-12,-0.67,-0.03,0.05,-0.03
2026-01,0.0,0.5,0.05,0.89
2026-02,-0.66,-0.29,0.09,-0.03
2026-03,1.32,-0.16,0.06,-0.06
2026-04,0.01,0.62,0.08,0.58
2026-05,-0.09,-0.34,-0.0,-0.62
2026-06,-0.02,0.57,0.06,0.95
2026-07,-0.58,-0.23,0.06,0.14
2026-08,-0.33,0.3,0.06,0.49
