month,electricity_weather_corrected_2019_100
2015-01,100.21
2015-02,102.09
2015-03,102.36
2015-04,100.47
2015-05,100.54
2015-06,101.61
2015-07,100.71
2015-08,98.79
2015-09,102.04
2015-10,102.66
2015-11,101.52
2015-12,99.14
2016-01,99.65
2016-02,100.3
2016-03,102.45
2016-04,102.98
2016-05,101.64
2016-06,100.54
2016-07,99.49
2016-08,99.63
2016-09,101.03
2016-10,102.45
2016-11,102.22
2016-12,99.56
2017-01,101.3
2017-02,100.43
2017-03,100.79
2017-04,97.8
2017-05,102.08
2017-06,100.96
2017-07,99.77
2017-08,100.04
2017-09,101.9
2017-10,100.93
2017-11,102.39
2017-12,104.58
2018-01,100.71
2018-02,100.16
2018-03,105.38
2018-04,101.75
2018-05,99.83
2018-06,100.11
2018-07,100.16
2018-08,100.4
2018-09,100.15
2018-10,99.12
2018-11,101.84
2018-12,99.87
2019-01,100.57
2019-02,99.51
2019-03,100.33
2019-04,101.17
2019-05,101.5
2019-06,99.24
2019-07,100.35
2019-08,98.63
2019-09,99.22
2019-10,99.74
2019-11,101.15
2019-12,98.65
2020-01,99.07
2020-02,99.67
2020-03,93.57
2020-04,87.75
2020-05,91.12
2020-06,94.03
2020-07,96.53
2020-08,97.58
2020-09,97.42
2020-10,101.65
2020-11,95.96
2020-12,98.46
2021-01,100.47
2021-02,97.55
2021-03,97.48
2021-04,96.8
2021-05,99.52
2021-06,97.61
2021-07,97.15
2021-08,98.43
2021-09,98.46
2021-10,97.88
2021-11,99.04
2021-12,101.35
2022-01,99.16
2022-02,99.07
2022-03,98.24
2022-04,99.34
2022-05,98.56
2022-06,98.26
2022-07,97.95
2022-08,97.62
2022-09,94.85
2022-10,91.67
2022-11,89.8
2022-12,92.49
2023-01,92.16
2023-02,91.72
2023-03,93.28
2023-04,93.74
2023-05,93.27
2023-06,93.5
2023-07,94.82
2023-08,95.66
2023-09,94.47
2023-10,92.08
2023-11,93.55
2023-12,94.38
2024-01,92.75
2024-02,92.73
2024-03,93.36
2024-04,95.47
2024-05,95.38
2024-06,94.91
2024-07,95.84
2024-08,97.64
2024-09,94.83
2024-10,94.63
2024-11,93.45
2024-12,95.06
2025-01,95.1
2025-02,93.75
2025-03,94.08
2025-04,95.27
2025-05,93.66
2025-06,95.97
2025-07,96.45
2025-08,97.24
2025-09,95.24
2025-10,95.15
2025-11,94.93
2025-12,94.63
2026-01,97.37
2026-02,96.47
2026-03,94.34
2026-04,96.73
2026-05,95.45
2026-06,98.47
2026-07,98.28
2026-08,99.38
2026-09,93.81
