quarter,actual,mean,ar,bridge,ridge,services,services_conso
2016Q1,0.31,0.403,0.355,0.668,0.724,0.647,0.748
2016Q2,-0.257,0.402,0.367,0.285,0.401,0.308,0.283
2016Q3,0.178,0.396,0.145,0.403,0.567,0.425,0.335
2016Q4,0.64,0.394,0.311,0.611,0.69,0.624,0.723
2017Q1,0.66,0.396,0.49,0.292,0.444,0.356,0.357
2017Q2,0.734,0.398,0.499,0.811,0.859,0.816,0.804
2017Q3,0.752,0.401,0.53,0.428,0.612,0.52,0.517
2017Q4,0.598,0.405,0.54,0.933,1.017,0.987,0.88
2018Q1,-0.058,0.406,0.481,0.044,0.318,0.206,0.156
2018Q2,0.226,0.402,0.226,0.199,0.421,0.309,0.232
2018Q3,0.549,0.401,0.334,0.506,0.588,0.565,0.57
2018Q4,0.718,0.402,0.459,0.335,0.396,0.395,0.352
2019Q1,0.945,0.405,0.526,0.652,0.646,0.686,0.725
2019Q2,0.495,0.409,0.619,0.723,0.754,0.777,0.767
2019Q3,0.042,0.41,0.444,-0.099,0.088,0.046,0.066
2019Q4,-0.504,0.407,0.267,0.294,0.455,0.401,0.369
2020Q1,-5.132,0.399,0.042,0.683,0.642,0.671,0.625
2020Q2,-13.025,0.399,-1.773,-6.936,-6.173,-6.689,-7.83
2020Q3,14.102,0.399,-4.87,5.864,5.7,5.131,6.464
2020Q4,-0.011,0.399,5.773,1.183,0.097,0.886,0.176
2021Q1,0.448,0.399,0.236,0.19,0.261,0.091,0.265
2021Q2,1.204,0.399,0.416,0.198,0.507,0.276,0.002
2021Q3,2.919,0.399,0.713,0.405,0.58,0.539,0.66
2021Q4,0.511,0.399,1.385,0.514,0.556,0.66,0.643
2022Q1,-0.014,0.399,0.441,0.632,0.672,0.721,0.567
2022Q2,0.395,0.396,0.232,0.172,0.258,0.305,0.274
2022Q3,0.506,0.396,0.393,0.644,0.597,0.694,0.54
2022Q4,0.403,0.397,0.437,0.209,0.274,0.288,0.131
2023Q1,0.144,0.397,0.397,0.523,0.531,0.567,0.601
2023Q2,0.926,0.395,0.294,0.717,0.663,0.716,0.612
2023Q3,0.367,0.399,0.6,0.263,0.248,0.299,0.324
2023Q4,0.503,0.399,0.384,0.438,0.386,0.435,0.319
2024Q1,0.244,0.4,0.437,0.463,0.444,0.47,0.477
2024Q2,0.221,0.398,0.337,0.326,0.348,0.357,0.293
2024Q3,0.434,0.397,0.327,0.416,0.328,0.384,0.41
2024Q4,-0.012,0.397,0.409,0.285,0.249,0.277,0.259
2025Q1,0.168,0.394,0.237,0.527,0.463,0.473,0.467
2025Q2,0.236,0.392,0.305,-0.004,0.035,-0.006,-0.038
2025Q3,0.423,0.391,0.329,0.624,0.539,0.563,0.54
2025Q4,0.263,0.391,0.401,0.521,0.482,0.474,0.513
2026Q1,-0.18,0.391,0.339,0.099,0.15,0.118,0.054
2026Q2,0.036,0.386,0.167,0.591,0.451,0.517,0.497
