month,insolvency_openings
2015-01,4971.0
2015-02,6577.0
2015-03,7019.0
2015-04,6872.0
2015-05,4771.0
2015-06,6802.0
2015-07,5628.0
2015-08,3252.0
2015-09,6113.0
2015-10,7434.0
2015-11,5442.0
2015-12,6165.0
2016-01,4454.0
2016-02,6095.0
2016-03,6766.0
2016-04,5230.0
2016-05,5298.0
2016-06,5844.0
2016-07,5265.0
2016-08,2879.0
2016-09,5675.0
2016-10,6139.0
2016-11,5147.0
2016-12,8376.0
2017-01,4209.0
2017-02,5599.0
2017-03,6161.0
2017-04,5124.0
2017-05,4982.0
2017-06,5045.0
2017-07,5101.0
2017-08,3037.0
2017-09,4780.0
2017-10,5729.0
2017-11,5101.0
2017-12,5747.0
2018-01,4395.0
2018-02,4992.0
2018-03,5592.0
2018-04,5307.0
2018-05,3435.0
2018-06,5598.0
2018-07,4997.0
2018-08,3656.0
2018-09,5070.0
2018-10,6089.0
2018-11,5829.0
2018-12,5234.0
2019-01,4341.0
2019-02,5392.0
2019-03,5796.0
2019-04,4796.0
2019-05,4409.0
2019-06,5147.0
2019-07,5342.0
2019-08,2395.0
2019-09,4626.0
2019-10,5925.0
2019-11,5480.0
2019-12,5421.0
2020-01,3925.0
2020-02,5290.0
2020-03,4009.0
2020-04,1338.0
2020-05,2168.0
2020-06,3593.0
2020-07,4339.0
2020-08,1654.0
2020-09,3164.0
2020-10,4135.0
2020-11,3516.0
2020-12,3486.0
2021-01,2485.0
2021-02,3157.0
2021-03,3001.0
2021-04,3115.0
2021-05,2510.0
2021-06,3508.0
2021-07,3489.0
2021-08,1277.0
2021-09,2912.0
2021-10,3509.0
2021-11,3243.0
2021-12,3850.0
2022-01,2743.0
2022-02,3819.0
2022-03,4100.0
2022-04,4056.0
2022-05,3544.0
2022-06,3731.0
2022-07,4576.0
2022-08,1804.0
2022-09,4431.0
2022-10,4763.0
2022-11,4501.0
2022-12,4766.0
2023-01,4412.0
2023-02,4908.0
2023-03,5712.0
2023-04,4990.0
2023-05,4600.0
2023-06,5495.0
2023-07,5205.0
2023-08,2506.0
2023-09,5426.0
2023-10,6063.0
2023-11,6294.0
2023-12,6522.0
2024-01,4816.0
2024-02,6607.0
2024-03,7078.0
2024-04,5701.0
2024-05,5740.0
2024-06,6465.0
2024-07,7182.0
2024-08,3005.0
2024-09,5637.0
2024-10,7367.0
2024-11,6702.0
2024-12,7132.0
2025-01,5651.0
2025-02,6680.0
2025-03,7019.0
2025-04,6304.0
2025-05,6556.0
2025-06,6134.0
2025-07,7068.0
2025-08,3529.0
2025-09,6126.0
2025-10,7861.0
2025-11,6403.0
2025-12,7546.0
2026-01,5815.0
2026-02,6715.0
2026-03,6425.0
2026-04,7236.0
2026-05,5776.0
2026-06,6477.0
2026-07,6685.0
2026-08,2839.0
2026-09,5988.0
