month,ipi_industry_2021_100
2015-01,102.15
2015-02,103.13
2015-03,102.95
2015-04,101.94
2015-05,102.64
2015-06,102.88
2015-07,102.01
2015-08,102.88
2015-09,103.87
2015-10,103.98
2015-11,101.68
2015-12,102.0
2016-01,103.6
2016-02,103.44
2016-03,102.66
2016-04,104.12
2016-05,102.32
2016-06,101.73
2016-07,101.67
2016-08,103.48
2016-09,102.55
2016-10,102.14
2016-11,104.31
2016-12,103.61
2017-01,103.7
2017-02,102.76
2017-03,104.65
2017-04,103.68
2017-05,106.06
2017-06,104.9
2017-07,104.85
2017-08,105.17
2017-09,106.42
2017-10,106.98
2017-11,107.27
2017-12,108.47
2018-01,104.56
2018-02,106.06
2018-03,106.94
2018-04,105.76
2018-05,104.64
2018-06,106.64
2018-07,106.09
2018-08,106.47
2018-09,105.28
2018-10,106.82
2018-11,105.57
2018-12,106.61
2019-01,107.27
2019-02,107.31
2019-03,107.02
2019-04,107.27
2019-05,109.22
2019-06,105.82
2019-07,106.7
2019-08,105.28
2019-09,106.45
2019-10,106.52
2019-11,105.68
2019-12,103.47
2020-01,105.41
2020-02,107.13
2020-03,87.02
2020-04,67.8
2020-05,82.18
2020-06,93.08
2020-07,97.25
2020-08,98.22
2020-09,99.78
2020-10,101.86
2020-11,100.28
2020-12,99.7
2021-01,102.77
2021-02,98.52
2021-03,100.02
2021-04,100.02
2021-05,100.03
2021-06,99.54
2021-07,100.28
2021-08,100.0
2021-09,98.55
2021-10,101.26
2021-11,99.26
2021-12,99.76
2022-01,101.85
2022-02,100.64
2022-03,100.06
2022-04,99.24
2022-05,100.57
2022-06,101.29
2022-07,99.77
2022-08,102.44
2022-09,101.85
2022-10,99.67
2022-11,101.0
2022-12,101.84
2023-01,100.29
2023-02,101.83
2023-03,100.41
2023-04,100.6
2023-05,102.73
2023-06,101.52
2023-07,101.39
2023-08,101.25
2023-09,101.29
2023-10,101.35
2023-11,101.7
2023-12,102.13
2024-01,101.72
2024-02,102.29
2024-03,101.59
2024-04,102.57
2024-05,101.28
2024-06,101.33
2024-07,101.6
2024-08,102.21
2024-09,101.65
2024-10,101.29
2024-11,101.44
2024-12,101.15
2025-01,100.88
2025-02,102.37
2025-03,102.13
2025-04,100.65
2025-05,100.22
2025-06,103.45
2025-07,103.47
2025-08,102.03
2025-09,102.98
2025-10,103.11
2025-11,103.31
2025-12,102.63
2026-01,102.75
2026-02,102.07
2026-03,103.46
2026-04,103.42
2026-05,103.42
2026-06,103.36
2026-07,102.95
