month,fr_de_10y_spread_bp
2015-01,28.0
2015-02,30.0
2015-03,28.0
2015-04,32.0
2015-05,33.0
2015-06,41.0
2015-07,40.0
2015-08,40.0
2015-09,35.0
2015-10,35.0
2015-11,36.0
2015-12,38.0
2016-01,41.0
2016-02,42.0
2016-03,34.0
2016-04,38.0
2016-05,38.0
2016-06,41.0
2016-07,32.0
2016-08,28.0
2016-09,27.0
2016-10,33.0
2016-11,48.0
2016-12,50.0
2017-01,61.0
2017-02,77.0
2017-03,67.0
2017-04,66.0
2017-05,47.0
2017-06,41.0
2017-07,38.0
2017-08,36.0
2017-09,35.0
2017-10,44.0
2017-11,41.0
2017-12,37.0
2018-01,38.0
2018-02,32.0
2018-03,30.0
2018-04,30.0
2018-05,34.0
2018-06,42.0
2018-07,39.0
2018-08,41.0
2018-09,40.0
2018-10,42.0
2018-11,45.0
2018-12,51.0
2019-01,52.0
2019-02,49.0
2019-03,43.0
2019-04,41.0
2019-05,43.0
2019-06,39.0
2019-07,32.0
2019-08,31.0
2019-09,32.0
2019-10,31.0
2019-11,33.0
2019-12,34.0
2020-01,30.0
2020-02,29.0
2020-03,49.0
2020-04,51.0
2020-05,49.0
2020-06,39.0
2020-07,37.0
2020-08,35.0
2020-09,31.0
2020-10,31.0
2020-11,29.0
2020-12,28.0
2021-01,27.0
2021-02,30.0
2021-03,29.0
2021-04,32.0
2021-05,43.0
2021-06,44.0
2021-07,44.0
2021-08,42.0
2021-09,40.0
2021-10,41.0
2021-11,41.0
2021-12,43.0
2022-01,42.0
2022-02,53.0
2022-03,50.0
2022-04,54.0
2022-05,57.0
2022-06,61.0
2022-07,63.0
2022-08,66.0
2022-09,61.0
2022-10,58.0
2022-11,51.0
2022-12,54.0
2023-01,50.0
2023-02,50.0
2023-03,54.0
2023-04,54.0
2023-05,60.0
2023-06,55.0
2023-07,58.0
2023-08,56.0
2023-09,58.0
2023-10,63.0
2023-11,59.0
2023-12,55.0
2024-01,57.0
2024-02,52.0
2024-03,47.0
2024-04,52.0
2024-05,51.0
2024-06,67.0
2024-07,68.0
2024-08,73.0
2024-09,73.0
2024-10,76.0
2024-11,78.0
2024-12,83.0
2025-01,84.0
2025-02,75.0
2025-03,69.0
2025-04,75.0
2025-05,70.0
2025-06,72.0
2025-07,73.0
2025-08,75.0
2025-09,82.0
2025-10,82.0
2025-11,78.0
2025-12,75.0
2026-01,72.0
2026-02,66.0
2026-03,73.0
2026-04,73.0
2026-05,70.0
2026-06,72.0
2026-07,78.0
2026-08,82.0
